disease,cure
Bench Press Chest Workout,"🎯 **Target Muscles**: Middle & Lower Pectoralis Major, Anterior Deltoids, Triceps.\n\n🏋️‍♂️ **Exercise Execution**:\n• Lie flat on bench with 5-point contact (head, shoulders, glutes, feet flat).\n• Grip barbell slightly wider than shoulder-width.\n• Unrack, lower bar with controlled 2-3 sec tempo to lower chest.\n• Drive feet into floor and press explosively up in a slight arc.\n\n📊 **Sets & Reps**: 3-4 sets x 6-10 reps (Rest: 2-3 mins).\n\n🥗 **Nutritional Synergies**: Take 3-5g Creatine Monohydrate daily to increase phosphocreatine stores for heavy benching.\n\n⚡ **Pro Tip**: Keep shoulder blades retracted and depressed (pinched back) throughout to protect shoulders."
Squats Leg Workout,"🎯 **Target Muscles**: Quadriceps, Gluteus Maximus, Hamstrings, Erector Spinae.\n\n🏋️‍♂️ **Exercise Execution**:\n• Position barbell on upper traps, grip firmly.\n• Feet shoulder-width apart, toes flared 15-30 degrees.\n• Brace core with Valsalva maneuver, push hips back and bend knees.\n• Lower until thighs are parallel or below parallel to ground.\n• Drive through mid-foot and heels to return to standing.\n\n📊 **Sets & Reps**: 3-4 sets x 6-10 reps (Rest: 2.5-3 mins).\n\n⚡ **Pro Tip**: Avoid knee cave-in (valgus) by actively pushing knees outward over toes during ascent."
Deadlift Full Body Strength,"🎯 **Target Muscles**: Hamstrings, Glutes, Lats, Lower Back, Trapezius, Forearms.\n\n🏋️‍♂️ **Exercise Execution**:\n• Stand hip-width under bar with shins 1 inch from bar.\n• Hinge at hips, grip bar just outside knees (overhand or mixed grip).\n• Pull slack out of bar, flatten back, chest up, pull shoulder blades down.\n• Pull bar upward close to shins by extending hips and knees simultaneously.\n\n📊 **Sets & Reps**: 3-4 sets x 3-6 reps (Rest: 3 mins).\n\n⚡ **Pro Tip**: Treat the deadlift as a leg press into the floor, not a back pull."
Push Pull Legs PPL Workout Split,"🎯 **Workout Structure & Frequency**:\n• **Day 1 (Push)**: Barbell Bench Press (3x8), Incline Dumbbell Press (3x10), Overhead Dumbbell Press (3x10), Cable Lateral Raises (4x12), Tricep Rope Pushdowns (3x12).\n• **Day 2 (Pull)**: Barbell Rows (3x8), Lat Pulldowns (3x10), Face Pulls (4x15), Incline Dumbbell Curls (3x12), Hammer Curls (3x12).\n• **Day 3 (Legs)**: Barbell Squats (3x8), Romanian Deadlifts (3x10), Leg Extensions (3x12), Hamstring Curls (3x12), Standing Calf Raises (4x15).\n• **Day 4**: Rest & Active Recovery.\n\n⚡ **Pro Tip**: Repeat twice per week (6 days on, 1 day off) or 3 days on, 1 day off."
Muscle Hypertrophy Muscle Growth,"🎯 **Core Hypertrophy Principles**:\n• **Volume**: 10-20 working sets per muscle group per week.\n• **Intensity**: 6-12 reps per set, training at RPE 8-9 (1-2 reps shy of failure).\n• **Frequency**: Train each muscle group 2 times per week.\n• **Progressive Overload**: Increase load or reps weekly.\n\n🥗 **Nutritional Requirement**: Consume 1.6-2.2g protein per kg of bodyweight in a modest caloric surplus (+250-300 kcal).\n\n⚡ **Pro Tip**: Focus on full range of motion and 2-3 second eccentric (lowering) control."
Protein Intake & Nutrition,"🎯 **Protein Guidelines for Athletes**:\n• **Optimal Daily Intake**: 1.6 to 2.2 grams of protein per kilogram of body weight (0.7-1.0g per lb).\n• **Meal Distribution**: 4-5 meals containing 30-45g protein per meal (rich in Leucine).\n• **Top Sources**: Chicken breast, eggs, whey protein isolate, salmon, Greek yogurt, lean beef, tofu, lentils.\n\n⚡ **Pro Tip**: Consuming 30-40g whey protein post-workout stimulates maximal muscle protein synthesis (MPS)."
Fat Loss Caloric Deficit,"🎯 **Fat Loss Protocol**:\n• **Caloric Deficit**: Create a 300-500 kcal daily deficit below TDEE (aim for 0.5-1.0% body weight loss per week).\n• **Protein Target**: High protein (2.0-2.4g/kg) to prevent muscle breakdown.\n• **Resistance Training**: Maintain heavy lifting intensity to signal body to retain muscle.\n• **Cardio**: 2-3 weekly LISS (low intensity steady state) 30-min walking or HIIT sessions.\n\n⚡ **Pro Tip**: Eat high-volume, low-calorie foods (leafy greens, berries, lean proteins) to stay full."
Creatine Monohydrate Supplementation,"🎯 **Creatine Usage Guide**:\n• **Dose**: 3-5 grams of Creatine Monohydrate taken daily (loading phase optional: 20g/day for 5 days).\n• **Benefits**: Increases intracellular phosphocreatine, boosting ATP production, explosive power, and muscle hydration.\n• **Timing**: Anytime daily (post-workout with carbs enhances uptake).\n\n⚡ **Pro Tip**: Drink an extra 500-700ml of water daily to support muscular hydration."
Pre Workout Energy & Focus,"🎯 **Pre-Workout Fueling**:\n• **Caffeine**: 150-300mg consumed 30-45 mins pre-workout for central nervous system arousal.\n• **L-Citrulline**: 6-8g for nitric oxide synthesis, muscle hyperemia (pumps), and fatigue reduction.\n• **Beta-Alanine**: 3.2g to buffer intramuscular hydrogen ions and delay muscular fatigue.\n\n⚡ **Pro Tip**: Pair pre-workout with 30-40g fast-digesting carbohydrates (rice cakes, banana) 45 mins before training."
Post Workout Muscle Recovery,"🎯 **Post-Workout Recovery Blueprint**:\n• **Protein**: 25-40g fast-digesting protein (whey isolate) within 1-2 hours post-workout.\n• **Carbohydrates**: 30-60g complex carbohydrates (rice, oats, potatoes) to replenish muscle glycogen stores.\n• **Rehydration**: 500-700ml water with sodium and electrolytes.\n\n⚡ **Pro Tip**: Recovery occurs during deep sleep—prioritize 7-9 hours of continuous night sleep."
Overhead Shoulder Press,"🎯 **Target Muscles**: Anterior & Lateral Deltoids, Upper Pectoralis, Triceps, Serratus Anterior.\n\n🏋️‍♂️ **Execution**:\n• Stand tall, grip barbell shoulder-width at collarbone level.\n• Squeeze glutes and brace core (do not arch lower back).\n• Press overhead, move head back slightly, then push head forward under bar at top extension.\n\n📊 **Sets & Reps**: 3-4 sets x 6-8 reps.\n\n⚡ **Pro Tip**: Keep wrists stacked over elbows throughout the movement."
Lat Pulldown Back Width,"🎯 **Target Muscles**: Latissimus Dorsi, Teres Major, Rhomboids, Biceps.\n\n🏋️‍♂️ **Execution**:\n• Grip pulldown bar slightly wider than shoulder-width.\n• Lean back 10-15 degrees, drive elbows down toward ribs.\n• Touch bar to upper chest while squeezing shoulder blades down and back.\n\n📊 **Sets & Reps**: 3-4 sets x 8-12 reps.\n\n⚡ **Pro Tip**: Imagine pulling with your elbows, not pulling with your hands."
Bicep Curls Dumbbell,"🎯 **Target Muscles**: Biceps Brachii (Long & Short Head), Brachialis.\n\n🏋️‍♂️ **Execution**:\n• Stand upright holding dumbbells at sides with palms facing forward.\n• Pin elbows to side of ribs, flex elbows to raise weights, supinating (rotating) wrist outward.\n• Squeeze biceps hard at top, lower under 2-3 sec control.\n\n📊 **Sets & Reps**: 3-4 sets x 10-12 reps.\n\n⚡ **Pro Tip**: Avoid swinging your hips or shoulders to cheat the weight up."
Tricep Rope Pushdown,"🎯 **Target Muscles**: Lateral & Medial Heads of Triceps Brachii.\n\n🏋️‍♂️ **Execution**:\n• Attach rope to high cable pulley, grip ends with neutral grip.\n• Pin elbows to torso, push down extending elbows fully.\n• Spread rope ends outward at bottom and contract triceps hard for 1 sec.\n\n📊 **Sets & Reps**: 3-4 sets x 10-15 reps.\n\n⚡ **Pro Tip**: Keep shoulders fixed—do not allow upper arms to drift forward."
DOMS Muscle Soreness Relief,"🎯 **Managing Muscle Soreness (DOMS)**:\n• **Active Recovery**: 20-30 mins light walking, cycling, or swimming to increase blood flow.\n• **Hydration & Electrolytes**: Maintain high fluid intake with sodium, potassium, and magnesium.\n• **Foam Rolling**: Gentle myofascial release 10-15 mins on affected muscle groups.\n\n⚡ **Pro Tip**: DOMS is not an indicator of workout effectiveness—consistent progressive overload is."
Core Abs Plank Exercise,"🎯 **Target Muscles**: Rectus Abdominis, Transverse Abdominis, Obliques.\n\n🏋️‍♂️ **Execution**:\n• Place forearms on floor under shoulders, extend legs back on toes.\n• Squeeze glutes, tilt pelvis slightly posterior, and pull navel toward spine.\n• Hold rigid straight line from head to heels.\n\n📊 **Sets & Reps**: 3-4 sets x 45-60 seconds hold.\n\n⚡ **Pro Tip**: Do not allow lower back to sag or hips to pike upward."
HIIT High Intensity Interval Training,"🎯 **HIIT Protocol**:\n• **Structure**: 30 seconds 100% max effort (sprint, rowing, assault bike) followed by 45 seconds low-intensity recovery.\n• **Duration**: 15-20 total minutes (4-6 rounds).\n• **Benefits**: Increases VO2 Max, EPOC (excess post-exercise oxygen consumption), and caloric expenditure.\n\n⚡ **Pro Tip**: Limit HIIT to 2-3 sessions per week to avoid central nervous system burnout."
Preventing Gym Injuries,"🎯 **Injury Prevention System**:\n• **Warm Up**: 5-10 mins light cardio + dynamic stretches (arm circles, hip openers).\n• **Form First**: Never sacrifice biomechanics for ego weight.\n• **Deload Weeks**: Schedule a deload week (50% intensity) every 6-8 weeks.\n• **Listen to Pain**: Joint pain is a warning signal—stop the movement immediately.\n\n⚡ **Pro Tip**: Perform shoulder warmups (band pull-apart) before benching or overhead pressing."
Warm Up Before Heavy Lifting,"🎯 **Optimal Warm-Up Routine**:\n• **General Warmup**: 5 mins rowing or incline walking.\n• **Dynamic Mobility**: 10 leg swings, 10 arm circles, 10 cat-camels, 10 bodyweight squats.\n• **Warmup Sets**: 50% work weight x 8 reps, 70% x 5 reps, 85% x 2 reps, then begin work sets.\n\n⚡ **Pro Tip**: Warm-up sets prime the central nervous system without producing metabolic fatigue."
Sleep Muscle Recovery Growth,"🎯 **Sleep & Growth Hormone Optimization**:\n• **Duration**: 7-9 hours of continuous sleep nightly.\n• **Growth Hormone**: Pulse peaks during Stage 3 NREM deep sleep.\n• **Sleep Hygiene**: Keep bedroom 18-20°C (65-68°F), eliminate blue light 1 hr before bed.\n\n⚡ **Pro Tip**: Chronic sleep deprivation (<6 hrs) lowers testosterone levels by up to 15%."
Bulking Clean Muscle Mass,"🎯 **Clean Bulking Guidelines**:\n• **Caloric Surplus**: 250-300 kcal surplus above maintenance (target 0.25-0.5kg weight gain/week).\n• **Protein**: 1.8-2.2g/kg bodyweight.\n• **Nutrition**: Whole nutrient-dense foods (oats, brown rice, lean poultry, avocados, nut butters).\n\n⚡ **Pro Tip**: Keep cardio 2x/week for cardiovascular health during a bulk."
Cutting Fat Loss Routine,"🎯 **Cutting Routine**:\n• **Deficit**: 300-500 kcal below TDEE.\n• **Protein**: 2.0-2.4g/kg to preserve muscle.\n• **Training**: Keep lifting heavy to retain motor unit recruitment.\n• **Steps**: Aim for 8,000-10,000 steps daily for non-exercise activity thermogenesis (NEAT).\n\n⚡ **Pro Tip**: Drink 500ml water before meals to increase satiety."
Shoulder Lateral Raises,"🎯 **Target Muscles**: Lateral (Side) Deltoids.\n\n🏋️‍♂️ **Execution**:\n• Stand holding dumbbells at sides, slight forward lean.\n• Raise dumbbells out to sides with soft bend in elbows, leading with elbows until parallel to shoulders.\n• Lower smoothly under 2 sec control.\n\n📊 **Sets & Reps**: 4 sets x 12-15 reps.\n\n⚡ **Pro Tip**: Pour the water pitcher cue—slightly tilt pinkies up at top of movement."
Incline Dumbbell Press Upper Chest,"🎯 **Target Muscles**: Clavicular Head of Pectoralis Major (Upper Chest), Anterior Delts.\n\n🏋️‍♂️ **Execution**:\n• Set bench to 30-45 degree incline.\n• Press dumbbells up over upper chest, palms facing forward.\n• Lower dumbbells under control until stretch is felt in upper chest, then drive up.\n\n📊 **Sets & Reps**: 3-4 sets x 8-12 reps.\n\n⚡ **Pro Tip**: Do not set bench too steep (>45 deg) or front delts will dominate."
Romanian Deadlift RDL Hamstrings,"🎯 **Target Muscles**: Hamstrings, Gluteus Maximus, Erector Spinae.\n\n🏋️‍♂️ **Execution**:\n• Hold barbell at hip level, soft knee bend.\n• Push hips backward while sliding bar down close to thighs.\n• Lower until deep hamstring stretch is felt (mid-shin level), then squeeze glutes to push hips forward.\n\n📊 **Sets & Reps**: 3-4 sets x 8-12 reps.\n\n⚡ **Pro Tip**: Movement is a horizontal hip hinge, not a vertical squat."
Lunges Dumbbell Leg Exercise,"🎯 **Target Muscles**: Quadriceps, Glutes, Hamstrings, Calves, Core.\n\n🏋️‍♂️ **Execution**:\n• Hold dumbbells at sides, step forward with right leg.\n• Lower hips until right thigh is parallel to floor and left knee hovers 1 inch above floor.\n• Drive through front foot to return to standing.\n\n📊 **Sets & Reps**: 3 sets x 10-12 reps per leg.\n\n⚡ **Pro Tip**: Keep torso upright and front knee tracking over toes."
Pull Ups Back & Biceps,"🎯 **Target Muscles**: Latissimus Dorsi, Biceps, Rhomboids, Core.\n\n🏋️‍♂️ **Execution**:\n• Hang from pull-up bar with overhand grip wider than shoulder-width.\n• Depress shoulder blades, drive elbows down to pull chest up to bar.\n• Lower under full 2-3 sec control to full arm hanging extension.\n\n📊 **Sets & Reps**: 3-4 sets x max reps (or 6-10 reps weighted).\n\n⚡ **Pro Tip**: Avoid swinging or kicking legs (kipping)."
Dips Chest & Triceps,"🎯 **Target Muscles**: Lower Pectorals, Triceps, Anterior Deltoids.\n\n🏋️‍♂️ **Execution**:\n• Grip dip bars, jump up to full arm extension.\n• Lean torso forward 15-20 deg (for chest) or upright (for triceps).\n• Lower body until upper arms are parallel to floor, press back up to lockout.\n\n📊 **Sets & Reps**: 3-4 sets x 8-12 reps.\n\n⚡ **Pro Tip**: Do not drop below 90 degrees elbow bend to protect shoulder joints."
Heart Rate Zones Workout Training,"🎯 **Target Heart Rate Zones**:\n• **Zone 1 (50-60% Max HR)**: Warm-up & Recovery.\n• **Zone 2 (60-70% Max HR)**: Fat Oxidation & Aerobic Base.\n• **Zone 3 (70-80% Max HR)**: Aerobic Fitness & Tempo Training.\n• **Zone 4 (80-90% Max HR)**: Anaerobic Threshold & HIIT.\n• **Zone 5 (90-100% Max HR)**: Maximum Speed & Power Output.\n\n⚡ **Pro Tip**: Estimate Max HR = 220 - Age. Use Zone 2 for active recovery days."
Gym Dehydration & Electrolytes,"🎯 **Hydration Protocol**:\n• **Pre-Workout**: 500ml water 2 hrs before exercise.\n• **During Workout**: 200-250ml every 15-20 mins.\n• **Post-Workout**: Rehydrate with 1.5L per kg of sweat lost.\n• **Electrolytes**: Sodium, potassium, and magnesium during sweat-heavy sessions.\n\n⚡ **Pro Tip**: 2% bodyweight fluid loss reduces athletic power by 15-20%."
Barbell Bent Over Row Back,"🎯 **Target Muscles**: Latissimus Dorsi, Rhomboids, Middle Trapezius, Posterior Deltoids.\n\n🏋️‍♂️ **Execution**:\n• Bend hips to 45 degree angle with flat back, grip bar slightly wider than shoulders.\n• Pull bar to lower abdomen/navel while driving elbows back.\n• Squeeze shoulder blades together at top, lower under control.\n\n📊 **Sets & Reps**: 3-4 sets x 8-10 reps.\n\n⚡ **Pro Tip**: Keep core braced so lower back does not round."
Face Pulls Rear Delts & Rotator Cuff,"🎯 **Target Muscles**: Rear Deltoids, Infraspinatus, Teres Minor, Upper Trapezius.\n\n🏋️‍♂️ **Execution**:\n• Attach rope to cable machine at eye height.\n• Grip rope ends with overhand thumbs-back grip.\n• Pull rope to eye/forehead level, flaring elbows and rotating hands back (double biceps pose).\n\n📊 **Sets & Reps**: 4 sets x 12-15 reps.\n\n⚡ **Pro Tip**: Essential exercise for shoulder health and posture balancing heavy benching."
Leg Extension Quadriceps,"🎯 **Target Muscles**: Quadriceps (Rectus Femoris, Vastus Lateralis, Medialis, Intermedius).\n\n🏋️‍♂️ **Execution**:\n• Align knee joints with machine pivot axis, back flat against pad.\n• Extend knees pushing pad up until legs are fully locked out.\n• Squeeze quads hard for 1 sec at top, lower slowly.\n\n📊 **Sets & Reps**: 3-4 sets x 10-15 reps.\n\n⚡ **Pro Tip**: Great exercise for isolated quad hypertrophy without lower back fatigue."
Hamstring Lying Leg Curl,"🎯 **Target Muscles**: Biceps Femoris, Semitendinosus, Semimembranosus.\n\n🏋️‍♂️ **Execution**:\n• Lie face down on machine, pad resting on back of ankles just below calves.\n• Flex knees to curl pad toward glutes, keeping hips pressed flat against bench.\n• Squeeze hamstrings at top, lower under 2-3 sec control.\n\n📊 **Sets & Reps**: 3-4 sets x 10-12 reps.\n\n⚡ **Pro Tip**: Do not allow hips to lift off bench during the curl."
Calf Raises Standing,"🎯 **Target Muscles**: Gastrocnemius, Soleus.\n\n🏋️‍♂️ **Execution**:\n• Place balls of feet on step edge, shoulders under pads.\n• Lower heels down into deep stretch (hold 1 sec).\n• Drive up onto toes as high as possible, squeezing calves hard at top.\n\n📊 **Sets & Reps**: 4 sets x 12-15 reps.\n\n⚡ **Pro Tip**: Pause at full stretch at bottom to eliminate achilles tendon bounce elasticity."
Cable Lateral Raise Delts,"🎯 **Target Muscles**: Lateral Deltoid (Side Shoulder).\n\n🏋️‍♂️ **Execution**:\n• Set low cable pulley, grip handle across body with opposite hand.\n• Raise handle outward away from body until parallel to shoulder height.\n• Lower slowly under continuous cable tension.\n\n📊 **Sets & Reps**: 3-4 sets x 12-15 reps.\n\n⚡ **Pro Tip**: Provides continuous resistance across full range of motion unlike dumbbells."
Hammer Curls Forearms & Biceps,"🎯 **Target Muscles**: Brachialis, Brachioradialis, Biceps Brachii.\n\n🏋️‍♂️ **Execution**:\n• Stand holding dumbbells with palms facing each other (neutral grip).\n• Curl weight up toward shoulder keeping palms facing inward.\n• Lower smoothly under control.\n\n📊 **Sets & Reps**: 3-4 sets x 10-12 reps.\n\n⚡ **Pro Tip**: Develops forearm thickness and pushes biceps peak higher."
Skullcrushers Triceps,"🎯 **Target Muscles**: Long Head of Triceps Brachii.\n\n🏋️‍♂️ **Execution**:\n• Lie flat on bench holding EZ bar overhead with narrow grip.\n• Flex elbows to lower bar toward forehead/top of head while keeping upper arms fixed.\n• Extend elbows back to top starting position.\n\n📊 **Sets & Reps**: 3-4 sets x 8-12 reps.\n\n⚡ **Pro Tip**: Keep elbows tucked inward—do not let them flare outward."
Ab Wheel Rollout Core,"🎯 **Target Muscles**: Rectus Abdominis, Transverse Abdominis, Lats, Core.\n\n🏋️‍♂️ **Execution**:\n• Kneel on mat holding ab wheel on floor.\n• Roll wheel forward extending body into straight line while keeping core braced.\n• Pull back using abs to return to starting position.\n\n📊 **Sets & Reps**: 3-4 sets x 8-12 reps.\n\n⚡ **Pro Tip**: Keep lower back slightly rounded (posterior pelvic tilt)—never let hips sag."
Bulgarian Split Squat,"🎯 **Target Muscles**: Quadriceps, Gluteus Maximus, Hamstrings, Adductors.\n\n🏋️‍♂️ **Execution**:\n• Place rear foot on bench behind you, front foot 2-3 feet out.\n• Lower hips until front thigh is parallel to ground and back knee nears floor.\n• Drive up through front heel.\n\n📊 **Sets & Reps**: 3 sets x 8-10 reps per leg.\n\n⚡ **Pro Tip**: Lean torso slightly forward to target glutes, or stay upright for quad focus."
Incline Dumbbell Curl Biceps,"🎯 **Target Muscles**: Long Head of Biceps Brachii (Bicep Peak).\n\n🏋️‍♂️ **Execution**:\n• Set bench to 60 degree incline, sit back with arms hanging fully extended.\n• Curl dumbbells up while supinating wrists, keeping upper arms hanging vertical.\n• Lower under full stretch control.\n\n📊 **Sets & Reps**: 3-4 sets x 10-12 reps.\n\n⚡ **Pro Tip**: Unmatched for loading the bicep long head in full stretch position."
